治療方法,対応ステージ（下限）,対応ステージ（上限）,基準的賭け Standard Gamble,時間的得失法 Time Trade Off,人間トレードオフ Person Trade Off,備考
膵頭十二指腸切除術（Whipple）,Stage IA,Stage IA,"膵頭十二指腸切除術（Whipple手術）は膵臓がん、特に膵頭部に発生した腫瘍に対する標準的な治療法の一つです。この手術を受けるかどうかを検討する際、「基準的賭け Standard Gamble」の考え方は、患者さんご自身が手術のリスクとベネフィットを比較し、どの程度の不確実性を受け入れられるかを判断する上で役立ちます。具体的には、手術を受けることでがんが完全に切除でき、長期生存の可能性が高まる一方で、手術に伴う合併症のリスク（縫合不全、感染症、膵液瘻など）や、手術後の生活の質の低下（消化不良、糖尿病など）が存在します。基準的賭けでは、完全に健康な状態と、手術を受けずにがんが進行していく状態、そして手術を受けて合併症のリスクがある状態の3つを比較します。患者さんは、例えば「100%健康な状態」を得るために、手術を受けることで「合併症のリスクがある状態」になる確率をどの程度まで許容できるか、という賭けに臨むことになります。この賭けの結果が、手術を受けるかどうかの判断材料となります。患者さんの年齢、全身状態、がんの進行度合い、そして患者さん自身の価値観や希望に基づいて、慎重に判断されるべきです。
","膵頭十二指腸切除術（Whipple手術）は、膵臓がんの中でも膵頭部に発生した場合に選択される根治を目指す手術です。この手術は、がんを取り除くために膵頭部、十二指腸、胆嚢、胆管の一部、胃の一部を切除し、残った膵臓、胆管、胃を腸管につなぎ直すという大規模な手術です。時間的得失法（TTO）の観点からは、手術後の生存期間延長という「得」と、手術自体の侵襲による一時的な生活の質の低下、術後の合併症リスク、消化機能の変化といった「失」を比較検討することになります。例えば、手術により5年以上の生存が期待できる一方で、術後数ヶ月は食事制限や疼痛などの苦痛を伴う可能性があります。また、長期的な消化機能障害により、食事内容や生活習慣の変更を余儀なくされることも考えられます。患者は、これらの得失を総合的に考慮し、自身の価値観や希望、健康状態などを踏まえて、手術を受けるか否かの意思決定を行う必要があります。TTOは、患者が治療選択肢を理解し、主体的に判断するための重要なツールとなります。
","膵頭十二指腸切除術（Whipple手術）は、膵臓がん治療の選択肢の一つですが、その選択は「人間トレードオフ」の視点から複雑な判断を伴います。手術はがんを取り除く可能性を高める一方、患者の身体機能、生活の質に大きな影響を及ぼします。具体的には、術後の消化機能低下による栄養吸収不良、糖尿病の発症リスク、長期的な体調不良などが考えられます。これらのリスクは、手術によって得られる延命効果や症状緩和と天秤にかける必要があります。患者自身の価値観、つまり「どれくらいの期間、どのような生活を送りたいか」が重要になります。手術を回避すれば、症状緩和治療によってQOLを維持できるかもしれませんが、がんの進行を遅らせることは難しくなります。逆に、手術を選択すれば、より長い生存期間を得られる可能性がありますが、術後の生活は以前と異なるものになるかもしれません。したがって、Whipple手術の選択は、医師との綿密な相談を通して、患者自身が自身の価値観に基づいて最適な決断を下すプロセスと言えます。
",
膵体尾部切除術,Stage IA,Stage IA,"膵体尾部切除術は、膵臓がんが膵体部や膵尾部に限局している場合に検討される手術療法です。基準的賭けの観点からは、この手術を受けることで、がんを根治できる可能性と、手術に伴う合併症のリスクという二つの選択肢が存在します。根治できた場合、その後の人生における健康状態は良好であると想定されますが、手術に伴う合併症（例えば、膵液漏、感染症、糖尿病など）が発生した場合、生活の質が低下する可能性があります。患者さんは、この手術を受けることで得られる「がんのない健康な生活」と、「合併症のリスクを抱えながら生きる生活」のどちらをより重視するか、自身の価値観に基づいて判断する必要があります。基準的賭けでは、この二つの状態をそれぞれ「完全な健康」と「合併症のある状態」とし、手術を受けずに現状維持した場合の「がんによる健康状態の悪化」と比較し、どの選択が最も自身にとって望ましいかを確率を用いて評価します。最終的な選択は、患者さんの年齢、体力、がんの進行度、そして何よりも、どのような状態を最も避けたいかという個人の価値観に大きく依存します。
","膵体尾部切除術は、膵臓がん、特に膵体部や尾部に発生したがんに対する外科的治療法です。時間的得失法(Time Trade Off: TTO)の観点からは、この手術によって得られる生存期間の延長と、手術に伴う生活の質の低下という2つの側面を考慮する必要があります。手術によりがんを取り除くことで、余命を延ばすことが期待できますが、一方で、膵臓の一部を失うことで消化機能の低下や糖尿病のリスクが生じ、生活の質が一時的または長期的に低下する可能性があります。TTOでは、例えば「手術を受けずに1年間質の高い生活を送る」ことと、「手術を受けて2年間生きるが、その間の生活の質はやや低下する」ことのどちらを選ぶか、といった選択肢を患者に提示し、患者がどれだけの生存期間を得たいか、また、そのためにどれだけの生活の質の低下を受け入れられるかを数値化します。この数値化された価値観に基づいて、手術のメリットとデメリットを比較検討し、患者にとって最適な治療法を選択するための重要な判断材料となります。
","膵体尾部切除術は、膵臓がんの中でも膵体部や尾部に発生した場合に検討される手術です。この手術を選択する際には、がんの根治性と患者さんのQOL（生活の質）という、トレードオフの関係にある2つの重要な要素を考慮する必要があります。手術によってがんを完全に取り除く可能性が高まる一方で、膵臓の一部を切除することで、術後の消化機能障害や糖尿病のリスクが高まる可能性があります。人間トレードオフの観点からは、手術によって得られる生存期間の延長と、術後の生活の質低下という、患者さんにとってのメリットとデメリットを比較検討し、患者さん自身の価値観や希望を尊重した上で、最適な治療法を選択することが重要になります。具体的には、術後の消化酵素補充療法や血糖コントロールといった、生活上の負担をどれだけ許容できるか、あるいは、がんの再発リスクをどの程度まで抑えたいかなど、患者さんの個別性を踏まえた判断が求められます。
",
全膵切除術,Stage IA,Stage IB,"全膵切除術は膵臓がんに対する根治を目指す手術の一つですが、患者さんの生活の質に大きな影響を与える可能性があります。基準的賭けの観点から考えると、これは「手術を受ける」という選択が、「完全に健康な状態に戻る確率（p）」と「手術を受けずにがんが進行し、生活の質が著しく低下した状態で生存する確率（1-p）」という二つの結果に分かれる賭けと捉えられます。手術が成功し、がんが完全に除去されれば、元の生活に近い状態に戻れる可能性がありますが、術後の合併症（糖尿病、消化不良など）のリスクは避けられません。一方、手術を受けない場合、がんの進行に伴い、痛み、体重減少、黄疸といった症状が悪化し、QOL（生活の質）が低下する可能性が高まります。患者さんは、自身の年齢、体力、がんの進行度、合併症のリスク、そして「健康な状態」と「QOLが低下した状態」の価値を総合的に評価し、「p」の値を推定することで、手術を受けるか否かを判断することになります。基準的賭けの考え方は、治療選択における患者さんの価値観を明確化し、後悔の少ない決断を支援するために役立ちます。
","全膵切除術は、膵臓がんに対する根治を目指す手術療法の一つですが、時間的得失法（TTO）の観点からは、その選択は患者さんの価値観に深く依存します。手術はがんを完全に切除できる可能性がありますが、膵臓を全て摘出することで、術後の生活の質は大きく変化します。インスリン分泌がなくなるため、生涯にわたるインスリン注射が必要となり、血糖コントロールの不安定さから、低血糖や高血糖のリスクが高まります。また、消化酵素も分泌されなくなるため、消化不良による栄養吸収障害が生じ、食生活への制限や酵素補充療法が不可欠です。TTOでは、これらの術後の生活の質の低下を、どれだけの生存期間の延長と天秤にかけるかを評価します。例えば、「QOLが著しく低下した状態で10年生きる」ことと、「QOLが比較的保たれた状態で5年生きる」ことを比較し、どちらを選択するかを患者さん自身に判断してもらうことで、全膵切除術の適応を検討します。高齢者や合併症を持つ患者さんでは、手術自体のリスクも考慮する必要があり、TTOを通じて、患者さんの希望に沿った最適な治療選択を目指します。
","全膵切除術は、膵臓全体と周囲の臓器（胆嚢、脾臓、十二指腸の一部など）を切除する手術です。がんを根治できる可能性を持つ一方で、手術侵襲が大きく、術後の生活の質（QOL）に大きな影響を及ぼします。人間トレードオフの観点からは、がんによる生存期間の延長と、手術に伴うインスリンや消化酵素の分泌完全停止、栄養吸収不良、糖尿病、QOL低下といった負担とのバランスを慎重に考慮する必要があります。具体的には、患者さんの年齢、全身状態、がんの進行度、合併症の有無などを総合的に評価し、手術のメリットがデメリットを上回ると判断される場合に選択されます。患者さん自身が、これらの情報を十分に理解し、自身の価値観や希望に基づいて、治療方針を決定することが重要です。代替治療（化学療法、放射線療法など）との比較検討も不可欠であり、生存期間、QOL、副作用など、それぞれの治療法におけるトレードオフを考慮した上で、最適な選択をすることが求められます。
",
術前FOLFIRINOX,Stage IA,Stage IIB,"膵臓がんに対する術前FOLFIRINOX療法は、手術による根治を目指す上で重要な選択肢となりえますが、患者さんにとってのリスクとベネフィットを理解することが不可欠です。基準的賭け（Standard Gamble）という考え方を用いると、治療選択をより客観的に評価できます。例えば、手術単独の場合、根治できる可能性がX%、生存期間中央値がYヶ月だとします。一方、術前FOLFIRINOX療法を行う場合、治療による副作用で手術が不可能になる確率がA%発生するものの、手術後の根治可能性がZ%に向上し、生存期間中央値もWヶ月に伸びるとします。ここで、患者さんは、確実な結果（手術単独）と、成功すればより良い結果（術前FOLFIRINOX+手術）を得られる可能性があるが、失敗すれば手術自体が不可能になるリスクを伴う選択肢を比較検討することになります。基準的賭けでは、患者さんがこのリスクをどの程度受け入れられるかを数値化し、QOLや希望なども考慮して、最適な治療法を決定します。この時、患者さんの年齢、体力、合併症の有無などが、リスク許容度に大きく影響することを忘れてはなりません。
","術前FOLFIRINOX療法は、切除可能な膵臓がん患者さんに対して手術前に化学療法を行う治療法です。時間的得失法（TTO）の観点から考えると、まず、FOLFIRINOXは副作用が強く、治療期間中はQOL（生活の質）が低下する可能性があります。例えば、吐き気や倦怠感、末梢神経障害などが生じ、日常生活に支障をきたすことがあります。しかし、この治療によってがんが縮小すれば、手術の成功率が上がり、根治の可能性が高まります。根治できれば、その後の生存期間が延び、健康な状態で過ごせる時間も長くなります。つまり、一時的なQOLの低下（FOLFIRINOX治療期間中の苦痛）と引き換えに、将来のQOL向上（根治後の健康な生活）と生存期間の延長が期待できるということです。患者さんは、このトレードオフを考慮し、医師と十分に相談した上で、治療方針を決定する必要があります。副作用の程度や治療効果の予測、自身の価値観などを総合的に判断し、どちらの選択がより重要かを検討することが重要です。
","術前FOLFIRINOXは、膵臓がん手術の前に化学療法を行う治療法です。人間トレードオフの観点からは、延命の可能性を高めるために、治療期間中の副作用という負担を受け入れるかどうかの選択となります。FOLFIRINOXは効果が期待できる一方で、吐き気、食欲不振、骨髄抑制などの副作用が強く出る可能性があります。患者さんは、これらの副作用による生活の質の低下と、手術成功率向上や再発リスク低減という期待される効果を比較衡量する必要があります。つまり、苦痛を伴う治療に耐え、より良い手術結果を目指すか、あるいは別の治療法を選択し、副作用の軽減を優先するかという、患者さん自身の価値観に基づく重要な決断が求められます。年齢、体力、併存疾患、そして何よりも患者さんの価値観や希望が、このトレードオフを考える上で重要な要素となります。
",
ナノリポソームイリノテカン療法,Stage IA,Stage III,"ナノリポソームイリノテカン療法は、膵臓がん治療の選択肢の一つですが、その効果とリスクを理解するために「基準的賭け」を用いて考えてみましょう。基準的賭けとは、治療を受けることで「完全に健康な状態」になる確率と、「治療による副作用や無効により現在の状態より悪化する状態」になる確率を比較し、どちらを選ぶか検討するものです。ナノリポソームイリノテカン療法の場合、既存の化学療法と比較して腫瘍縮小効果や生存期間の延長が期待できる反面、副作用として骨髄抑制や消化器症状などが起こる可能性があります。患者さんの現在の健康状態、年齢、体力、そして治療に対する希望などを考慮し、「完全に健康な状態」になる確率をどれくらい高く見積もれるか、また、「悪化する状態」をどれくらい許容できるかを検討することで、ナノリポソームイリノテカン療法が患者さんにとって最善の選択肢であるかを判断する一助となります。治療選択は、患者さんの価値観やリスク許容度によって異なり、医師との十分な相談を通して、個々の状況に合わせた最適な決定を行うことが重要です。
","ナノリポソームイリノテカン療法は、進行膵臓がんに対する選択肢の一つです。Time Trade Off（時間的得失法）の観点からは、生存期間の延長と副作用による生活の質の低下という二つの側面を考慮する必要があります。この療法は、従来のイリノテカンよりも副作用を軽減しつつ、腫瘍への薬剤到達率を高めることで生存期間の延長を目指します。しかし、吐き気、下痢、脱毛などの副作用は依然として起こりうるため、治療によって得られる生存期間の延長が、これらの副作用による苦痛に見合うかどうかを検討することが重要です。例えば、治療により6ヶ月生存期間が延長されるとしても、その期間中、強い副作用に苦しむ場合、患者によってはその6ヶ月を犠牲にして、より副作用の少ない治療法や緩和ケアを選ぶことも考えられます。患者の年齢、体力、価値観、そして、治療によって得られる可能性のある利益と副作用のリスクを総合的に評価し、患者自身が納得できる選択をすることが、Time Trade Offにおける重要なポイントとなります。
","ナノリポソームイリノテカン療法は、膵臓がん治療における選択肢の一つであり、従来のイリノテカン療法と比較して、副作用軽減と効果増強を目指したものです。この治療法を選択するにあたり、「人間トレードオフ」の観点からは、生存期間の延長というメリットと、治療に伴う副作用（吐き気、脱毛、骨髄抑制など）のリスク、そして治療にかかる経済的負担を総合的に考慮する必要があります。副作用の程度は個人差が大きく、日常生活への影響も考慮すべき点です。また、生存期間の延長効果も、病状の進行度合いや患者さんの体力、併用療法によって異なります。患者さん本人のQOL（生活の質）に対する価値観、例えば、多少の副作用があっても長く生きたいのか、副作用を最小限に抑え、可能な限り快適に過ごしたいのかといった希望が、治療選択において重要な要素となります。さらに、治療費が高額になる場合もあり、経済的な負担が精神的な負担に繋がる可能性も考慮する必要があるでしょう。したがって、ナノリポソームイリノテカン療法を選択する際は、医師との十分な相談を通じて、患者さん自身の価値観や希望、経済状況を踏まえた上で、最適な治療法を決定することが重要です。
",
化学放射線療法（CRT）,Stage IA,Stage III,"化学放射線療法（CRT）は、膵臓がんの治療選択肢の一つであり、化学療法と放射線療法を組み合わせることで、がん細胞の根絶を目指します。治療選択において重要なのは、患者さん自身が治療によって得られる可能性のある利益と、起こりうるリスクを十分に理解し、納得した上で選択することです。ここで「基準的賭け」という考え方が役立ちます。例えば、CRTを受けることで、がんが完全に治癒する確率をX%、一方で、治療の副作用によって生活の質が著しく低下したり、最悪の場合、治療関連死に至る確率がY%とします。残りの(100-X-Y)%は、治療によってがんが部分的に縮小し、生活の質が現状維持されるというシナリオです。基準的賭けでは、患者さんが「完全に健康な状態」と「最悪の状態」の間のどこまでリスクを許容できるかを数値化し、その数値に基づいてCRTを受けるか否かを判断します。もし、患者さんが健康な状態になることへの期待値が高く、副作用のリスクよりも治療効果を優先する場合、CRTは合理的な選択肢となりえます。逆に、副作用のリスクを極力避けたい、あるいは現状の生活の質を維持したいという希望が強い場合、CRT以外の治療法を検討すべきかもしれません。CRTを選択するか否かは、XとYの値、そして患者さん自身の価値観によって大きく左右されるため、医師との十分なコミュニケーションを通じて、最適な治療法を決定することが重要です。
","化学放射線療法（CRT）は、膵臓がん治療において手術が難しい局所進行がんに用いられることがあります。時間的得失法（TTO）の観点からは、治療によって得られる延命効果と、治療に伴う副作用や生活の質の低下とのバランスを考慮する必要があります。CRTは、放射線照射と抗がん剤治療を同時に行うことで、がん細胞の縮小を目指し、生存期間の延長を期待できます。しかし、吐き気、食欲不振、倦怠感といった副作用が生じやすく、治療期間中は日常生活に制限を受ける可能性があります。TTOでは、例えば「健康な状態で1年間生きる」ことと、「副作用に苦しみながら2年間生きる」ことのどちらを選ぶかといった質問を通じて、患者さんがどれだけの期間と引き換えに、どれだけのQOL（生活の質）を重視するかを評価します。CRTの選択は、副作用のリスクを考慮し、延命効果への期待とQOLの低下を受け入れられるかという、患者さん個人の価値観に基づいた判断となるため、医師との十分な相談が重要です。
","化学放射線療法（CRT）は、膵臓がん治療において化学療法と放射線療法を組み合わせることで、がん細胞の増殖抑制と局所制御を目指す治療法です。しかし、CRTは、がん細胞への攻撃力が高まる一方で、副作用のリスクも高まります。患者さんの体力や全身状態によっては、吐き気、食欲不振、骨髄抑制などが強く現れる可能性があり、生活の質（QOL）を大きく損なうこともあります。そこで重要になるのが「人間トレードオフ」の視点です。CRTによる延命効果や腫瘍縮小といった治療効果と、副作用による苦痛やQOL低下という負担を天秤にかけ、患者さん自身の価値観や希望を尊重しながら、最適な治療法を選択する必要があります。年齢、既往歴、生活スタイル、そして何よりも患者さん自身が何を最も重視するのかを考慮し、医師と患者さんが十分に話し合い、納得のいく意思決定を行うことが、CRTにおいて不可欠です。
",
conversion手術,Stage IA,Stage III,"conversion手術は、進行膵臓がんで手術不能と診断された患者に対し、化学療法や放射線療法などを実施し、がんを縮小させることで手術可能状態を目指す治療法です。基準的賭け（Standard Gamble）の観点から考えると、conversion手術は、現在の状態（手術不能、予後不良）から、より良い状態（手術可能、予後の改善）への可能性にかける賭けと言えます。患者は、conversion手術によって手術成功と予後改善が得られる確率と、手術自体が成功しなかったり、副作用が生じたりするリスクを天秤にかけます。つまり、conversion手術を受けることは、現在の状態から脱却し、より健康な状態を得られる可能性と、治療に伴うリスク、そして治療が奏功しない可能性を考慮した上で、その価値を判断する意思決定プロセスと言えます。患者は、この賭けにおいて、成功した場合に得られるQOLの向上、生存期間の延長といった利益と、失敗した場合のQOLの低下、治療費の負担、副作用といった損失を、自身の価値観に基づいて評価し、意思決定を行う必要があります。
","膵臓がんにおけるconversion手術は、切除不能と判断された進行がんに対し、化学療法などで腫瘍を縮小させ、切除可能状態へ転換させて行う手術です。時間的得失法（Time Trade Off）の観点からは、まず、化学療法による治療期間と、それに伴う副作用、生活の質の低下が考慮されます。conversion手術が成功すれば、根治の可能性が高まり、長期生存が期待できますが、手術自体にもリスクが伴います。患者は、化学療法の期間を耐え、手術のリスクを負うことで、生存期間の延長という利益を得るか、あるいは、化学療法による症状緩和に重点を置き、手術を受けずに残された時間をより快適に過ごすかという選択を迫られます。この選択は、年齢、体力、価値観、そして何よりも、どれだけ長く生きたいか、そのためにどれだけの苦痛を許容できるかという、患者個人の希望に大きく左右されます。したがって、医師は、それぞれの治療法の生存期間予測だけでなく、副作用や生活の質への影響についても丁寧に説明し、患者が十分に納得した上で治療方針を決定できるよう支援する必要があります。
","conversion手術は、進行した膵臓がんに対して、当初は手術不可能と判断された状態から、化学療法などでがんを縮小させ、手術可能な状態に転換させて行う手術です。人間トレードオフの観点からは、手術という侵襲的な治療を選択することで、QOL（生活の質）の一時的な低下や合併症のリスクを伴う一方、根治の可能性を高め、生存期間の延長を目指すという選択になります。化学療法による副作用と手術のリスク、そして得られるかもしれない利益を、患者自身の価値観や希望、病状、体力などを総合的に考慮して判断する必要があります。延命効果だけでなく、痛みや苦痛の軽減、社会生活への復帰など、患者が何を重視するかによって最適な選択は異なります。医療チームは、患者の希望を尊重し、それぞれの選択肢のメリット・デメリットを丁寧に説明することで、患者が納得のいく意思決定ができるよう支援します。
",
Gem単剤療法,Stage IA,Stage III,"膵臓がんに対するGem単剤療法は、ゲムシタビンという抗がん剤のみを用いる治療法です。基準的賭けの観点から考えると、この治療法を選ぶことは、現在の健康状態（膵臓がんの状態）から、治療によって得られる可能性のある健康状態の改善（がんの進行抑制、症状緩和など）と、治療に伴う副作用（吐き気、倦怠感、骨髄抑制など）のリスクという二つの選択肢の間で賭けをするようなものです。治療が成功すれば、生存期間の延長やQOLの改善が見込めますが、副作用が強く出れば、QOLが低下する可能性もあります。基準的賭けでは、患者さんがどの程度のリスクを許容できるか、また、どの程度の改善を期待するかによって、最適な治療法が異なります。Gem単剤療法は、比較的副作用が少ないとされる一方で、効果も限定的であるため、患者さんの年齢、全身状態、がんの進行度、そして何よりも患者さん自身の価値観や希望を総合的に考慮し、他の治療法（手術、化学療法併用など）と比較検討した上で、最終的な判断をすることが重要です。
","Gem単剤療法は、膵臓がん治療における選択肢の一つです。この治療法を時間的得失法(TTO)の観点から考えると、患者さんは、治療による延命効果と、治療に伴う副作用による生活の質の低下という、トレードオフに直面します。Gem単剤療法は、比較的副作用が少ないとされるものの、それでも倦怠感、吐き気、食欲不振、白血球減少といった症状が現れる可能性があります。TTOでは、患者さんが、これらの副作用による苦痛を、延命によって得られる時間と天秤にかけ、どちらをより重視するかを評価します。例えば、副作用によって日常生活に支障が出て、QOL（生活の質）が著しく低下する期間が長引くことを避けるために、延命効果が期待できるとしても、Gem単剤療法を選択しないという判断もあり得ます。逆に、QOLが多少低下しても、少しでも長く生きることを望む場合は、Gem単剤療法を選択する可能性が高まります。重要なのは、患者さん自身の価値観に基づいて、QOLと延命効果のバランスを考慮し、後悔のない選択をすることです。
","Gem単剤療法は、膵臓がん治療における選択肢の一つであり、ゲムシタビンという抗がん剤を単独で使用する方法です。治療効果と副作用のバランス、すなわち「人間トレードオフ」の観点から考えると、患者さんにとって重要な判断材料となります。Gem単剤療法は、他の化学療法と比較して副作用が比較的少ないとされていますが、効果もそれに応じて穏やかになる傾向があります。具体的には、吐き気、倦怠感、骨髄抑制などが起こりうる副作用として挙げられます。治療の目的が、症状の緩和、生活の質の維持、延命のいずれであるかによって、Gem単剤療法が最適な選択肢となりうるかどうかが変わります。例えば、強い副作用を避け、少しでも日常生活を送りながら治療を受けたいという希望がある場合、Gem単剤療法は有力な候補となり得ます。しかし、より積極的な延命効果を期待する場合には、副作用は強くとも、より強力な化学療法が検討されるべきかもしれません。治療選択においては、医師との十分な相談を通して、患者さん自身の価値観や希望、そして病状を総合的に考慮し、最適なバランスを見つけることが重要です。
",
SBRT（定位放射線治療）,Stage IA,Stage III,"SBRT（定位放射線治療）は膵臓がんに対する治療選択肢の一つです。基準的賭け（Standard Gamble）の観点から考えると、患者さんはSBRTを受けることによって、がんの進行を抑え、生存期間を延長できる可能性と、副作用のリスク、例えば消化器症状の悪化や周辺臓器への影響といったリスクを天秤にかけることになります。SBRTは、手術が困難な局所進行膵臓がんに対して、集中的な放射線照射を行うことで腫瘍を制御し、QOL（生活の質）の維持を目指す治療法です。しかし、治療効果には個人差があり、必ずしもがんが完治するわけではありません。基準的賭けでは、患者さんがSBRTを受けることによって得られる可能性のある健康状態の改善（生存期間の延長や症状の緩和）と、起こりうる副作用のリスク、そしてSBRTを受けない場合の予後を比較し、どちらを選ぶかを決定します。最終的な判断は、医師からの十分な説明を受け、患者さん自身の価値観や希望、リスク許容度に基づいて行われるべきです。
","SBRT（定位放射線治療）は、膵臓がん治療において、手術が困難な局所進行がんや転移巣に対する選択肢の一つです。時間的得失法（Time Trade Off）の観点からは、SBRTは治療期間の短縮とQOL（生活の質）維持を目指す点で評価できます。従来の放射線治療と比較して、SBRTは少ない回数で腫瘍に集中して高線量を照射するため、通院回数を減らし、患者さんの負担を軽減できる可能性があります。しかし、副作用のリスクも考慮する必要があります。SBRTは高精度な照射技術を要するため、消化器症状や血管損傷といった副作用が生じる可能性があり、これらの症状によって治療期間の延長やQOLの低下を招くことも考えられます。したがって、SBRTを選択する際は、治療期間の短縮というメリットと、副作用によるQOL低下のリスクを天秤にかけ、患者さんの状態や希望、がんの進行度合い、合併症などを総合的に考慮し、最適な治療法を選択する必要があります。
","膵臓がんに対するSBRTは、高線量の放射線をピンポイントで照射する治療法です。人間トレードオフの観点から考えると、SBRTは手術と比較して、体への負担が少ないというメリットがあります。手術では切除範囲によっては消化機能や内分泌機能が低下する可能性がありますが、SBRTはそれらのリスクを低減できます。一方で、SBRTは腫瘍の完全な除去を目指すものではなく、局所制御を目的とするため、再発の可能性は残ります。また、照射部位によっては消化管潰瘍や出血などの副作用が生じるリスクがあります。したがって、SBRTを選択するかどうかは、患者さんの年齢、体力、全身状態、腫瘍の大きさや位置、そして何よりも患者さん自身が何を最も重視するか（生活の質を維持したいか、再発のリスクを最小限にしたいかなど）によって判断されるべきです。SBRTの適応は限られており、すべての患者さんに最適な治療法とは限りません。医師との十分な相談を通じて、メリットとデメリットを理解し、ご自身の価値観に基づいて最適な治療法を選択することが重要です。
",
IMRT（強度変調放射線療法）,Stage IA,Stage III,"IMRT（強度変調放射線療法）は、膵臓がん治療において重要な選択肢の一つです。基準的賭けの観点から考えると、IMRTの選択は、治療による生存期間延長の可能性と、副作用リスク、特にQOL（生活の質）の低下リスクとのトレードオフを伴います。治療を受ける患者は、IMRTによって腫瘍を制御し、生存期間を最大限に延ばせる可能性に賭ける一方で、放射線による消化器症状（吐き気、食欲不振など）や、まれに重篤な合併症が生じる可能性も考慮する必要があります。基準的賭けでは、患者がどれだけのQOL低下リスクを受け入れられるかが重要となり、IMRTを受けることによって得られる生存期間の延長が、QOL低下に見合う価値があるかどうかを慎重に判断する必要があります。この判断は、患者自身の病状、年齢、全体的な健康状態、そして最も重要な、患者個人の価値観によって大きく左右されます。医師は、IMRTのメリットとデメリットを詳細に説明し、患者が情報に基づいた意思決定を行えるようサポートする必要があります。
","IMRTは、膵臓がん治療において、従来の放射線療法よりも腫瘍に集中的に放射線を照射し、周囲の正常組織へのダメージを軽減できる可能性があります。Time Trade Off (TTO) の観点から考えると、IMRTは、治療期間中の副作用を軽減し、治療後の生活の質を向上させることで、より長い生存期間と、より良好な生活の質のバランスを取ることを目指します。例えば、従来の放射線療法では消化器症状が強く、治療期間中に著しくQOLが低下する可能性がありますが、IMRTを用いることで、これらの副作用を軽減し、より積極的に治療を継続できる可能性があります。一方で、IMRTは照射計画の作成に時間がかかり、治療期間が長くなる場合や、高精度な照射を行うために治療施設の選定が限られるなどのデメリットも考慮する必要があります。TTOでは、これらの要素を総合的に評価し、患者さんがどれだけの期間、どのような生活の質を望むのかを考慮して、最適な治療法を選択することが重要となります。IMRTの導入により、副作用の少ない期間を長く過ごせる可能性が高まる一方で、治療期間の長期化や施設選択の制限といった要素も考慮し、患者さんの価値観に沿った意思決定が求められます。
","IMRTは、膵臓がん治療における放射線療法の高度な技術であり、腫瘍に集中的に放射線を照射しつつ、周囲の正常組織への影響を最小限に抑えることを目指します。しかし、治療選択は常にトレードオフを伴います。IMRTは従来の放射線療法と比較して、副作用の軽減が期待できる一方で、治療期間が長くなる可能性や、より高度な技術を要するため実施できる施設が限られるといった側面があります。患者自身の状態、例えば体力や合併症の有無、そして治療に対する希望、副作用への許容度、通院の負担などを総合的に考慮し、IMRTのメリットとデメリットを慎重に比較検討する必要があります。特に、QOL（生活の質）の維持を重視するのか、あるいは根治を目指して積極的に治療に取り組むのかという、患者個人の価値観に基づく判断が重要となります。医師との十分なコミュニケーションを通じて、患者自身が納得できる治療法を選択することが、より良い治療結果に繋がると考えられます。
",
FOLFIRINOX一次療法,Stage IA,Stage IV,"FOLFIRINOX一次療法は、膵臓がんの治療において延命効果が期待できる強力な化学療法です。治療効果を最大限に引き出す一方で、副作用も強く、患者さんのQOL（生活の質）に大きな影響を与える可能性があります。基準的賭けの考え方では、治療を受けることで延命できる確率と、その期間のQOL低下を天秤にかけます。例えば、FOLFIRINOXによって1年間延命できる可能性が50%あるとします。しかし、治療期間中は吐き気や倦怠感などの副作用に苦しみ、QOLが著しく低下するかもしれません。もし、完全に健康な状態で過ごせる1年と、FOLFIRINOXによる治療を受けながらQOLが低下した1年を比較した場合、どちらを選ぶかという選択肢を患者さんに提示します。患者さんが、QOLが低下しても延命を優先するのか、あるいは、副作用の少ない治療法を選び、QOLを維持することを優先するのかによって、治療選択は異なります。この基準的賭けを通じて、患者さん自身が治療のメリットとデメリットを理解し、後悔のない選択を支援することが重要になります。
","FOLFIRINOX一次療法は、膵臓がんに対して延命効果が期待できる強力な化学療法ですが、時間的得失法（TTO）の観点からは、そのメリットとデメリットを慎重に考慮する必要があります。この治療法は、病気の進行を遅らせ、生存期間を延長する可能性が高まる一方、副作用のリスクも伴います。具体的には、吐き気、食欲不振、倦怠感、神経障害などが起こりやすく、日常生活の質（QOL）を大きく損なう可能性があります。TTOでは、副作用によるQOL低下と、治療による生存期間延長という、相反する要素を比較検討します。例えば、副作用が強く、日常生活が著しく制限される状態が1年間続くよりも、副作用が比較的軽く、QOLをある程度維持しながら半年間生存する方が良いと考える方もいます。FOLFIRINOX一次療法を選択する際には、これらのトレードオフを理解し、医師と十分な相談を行い、患者自身の価値観や希望に基づいた意思決定を行うことが重要です。治療の選択は、単に生存期間を延ばすことだけではなく、その期間をどのように過ごしたいか、という視点からも検討されるべきです。
","FOLFIRINOX一次療法は、膵臓がん治療における強力な選択肢ですが、患者にとって「人間トレードオフ」の視点から慎重な検討が必要です。この治療法は延命効果が期待できる一方で、副作用のリスクも高く、QOL（生活の質）への影響が無視できません。例えば、吐き気、倦怠感、食欲不振などの副作用は、日常生活を著しく制限する可能性があります。そのため、治療効果（生存期間の延長）と副作用（QOLの低下）のバランスを患者自身の価値観に基づいて判断する必要があります。高齢であったり、他の基礎疾患を抱えている場合は、副作用のリスクがより高まるため、QOLを優先するか、積極的な治療を選択するかという難しい判断を迫られるでしょう。医師との十分な相談を通じて、患者本人が何を最も大切にしているかを明確にし、最適な治療方針を決定することが重要です。治療はあくまで手段であり、患者の幸福を最大化することが最終的な目標であることを忘れてはなりません。
",
Gem+nab-PTX一次療法,Stage IA,Stage IV,"Gem+nab-PTX一次療法は、膵臓がんに対する標準的な治療選択肢の一つです。治療効果を評価する際、患者さんがどれだけの負担を受け入れられるか、つまりリスク許容度を考慮することが重要になります。基準的賭け（Standard Gamble）は、このリスク許容度を数値化する手法です。具体的には、Gem+nab-PTX療法によって完全にがんが治る確率（p）と、治療による副作用で生活の質が著しく低下した状態で生きる確率（1-p）を提示し、どちらを選ぶか尋ねます。もし患者さんが、確率pがある程度高ければ治療を選ぶと答えた場合、そのpの値が患者さんのリスク許容度を示します。例えば、pが0.7であれば、70%の確率で完全に治るなら、30%の確率で副作用に苦しむリスクを許容できるという意味になります。このリスク許容度を考慮することで、Gem+nab-PTX療法が患者さんにとって最適な選択肢であるかをより深く検討し、患者さんの価値観に沿った意思決定支援が可能になります。
","Gem+nab-PTX一次療法は、膵臓がんに対する標準的な治療法の一つであり、ジェムシタビンとnab-パクリタキセルという2種類の抗がん剤を組み合わせたものです。この治療法の時間的得失法（Time Trade Off）を考える際、患者さんは、治療による延命効果と、その期間中に経験するであろう副作用や生活の質の低下を比較検討することになります。化学療法は、がん細胞の増殖を抑える一方で、吐き気、脱毛、倦怠感、末梢神経障害などの副作用を引き起こす可能性があります。これらの副作用は、日常生活に支障をきたし、患者さんのQOL（生活の質）を低下させる可能性があります。Gem+nab-PTX療法は、他の治療法と比較して生存期間の延長が期待できる反面、副作用の強さも考慮する必要があります。例えば、治療によって1年間の生存期間延長が見込めるとしても、その1年間が副作用によって苦痛に満ちたものであれば、患者さんは治療を受けないという選択をするかもしれません。逆に、副作用をある程度許容できる範囲であれば、生存期間の延長を優先するかもしれません。したがって、時間的得失法では、患者さんがどの程度の期間、どのようなQOLで生きたいのか、具体的な価値観に基づいて治療選択をすることが重要になります。医師は、患者さんの希望や価値観を丁寧に聞き取り、治療のメリットとデメリットを十分に説明し、患者さんが納得のいく意思決定を支援する必要があります。
","Gem+nab-PTX一次療法は、進行膵臓がんに対する化学療法の一つで、ジェムシタビン(Gem)とnab-パクリタキセル(nab-PTX)という2種類の抗がん剤を併用します。この治療法を選択する際には、期待される効果と副作用、そして患者さん自身の価値観や生活の質（QOL）を考慮した「人間トレードオフ」の視点が重要になります。Gem+nab-PTX療法は、他の治療法と比較して、腫瘍縮小効果や生存期間の延長が期待できる一方で、副作用として、骨髄抑制（白血球減少、貧血、血小板減少）、末梢神経障害（手足のしびれや痛み）、疲労感、吐き気、脱毛などが起こる可能性があります。これらの副作用は、日常生活に支障をきたし、QOLを低下させる可能性があります。したがって、治療の選択にあたっては、これらの副作用のリスクをどれだけ許容できるか、あるいは、治療による生存期間の延長という利益をどれだけ重視するかという、患者さん個人の価値観が大きく影響します。例えば、副作用を最小限に抑え、できる限り普段通りの生活を送りたいと考える患者さんにとっては、他の治療法や緩和ケアの方が適しているかもしれません。一方、積極的に治療に取り組み、少しでも長く生きることを最優先に考える患者さんにとっては、Gem+nab-PTX療法が適切な選択肢となる可能性があります。医師は、患者さんの状態や希望を丁寧に聞き取り、それぞれの治療法のメリットとデメリットを詳しく説明することで、患者さんが納得のいく治療選択をできるようサポートします。
",
S-1単剤（二次療法）,Stage IA,Stage IV,"膵臓がんに対するS-1単剤二次療法は、一次療法後に病勢が進行した場合に検討される治療選択肢の一つです。基準的賭けの観点から考えると、患者さんはS-1治療を受けることによる延命効果と、副作用のリスクという二つの選択肢に直面します。延命効果は、S-1が奏功すれば腫瘍の進行を遅らせ、症状を緩和し、QOLを改善する可能性があります。しかし、同時に副作用として、食欲不振、吐き気、手足症候群などが起こり、QOLを低下させるリスクも伴います。患者さんは、これらのリスクとベネフィットを比較検討し、どちらの選択肢が自身の価値観や希望に合致するかを判断する必要があります。医師は、患者さんの病状、体力、過去の治療歴などを考慮し、S-1治療の奏功可能性や副作用のリスクを詳しく説明することで、患者さんが合理的な意思決定を行えるようサポートします。基準的賭けにおける確率や効用は患者さんによって異なり、個々の状況に合わせた詳細な情報提供が重要となります。
","S-1単剤による二次療法は、膵臓がんが進行し一次療法が無効となった場合に考慮される治療選択肢です。時間的得失法（TTO）の観点からは、生存期間の延長と副作用による生活の質の低下という二つの側面を評価する必要があります。S-1単剤は、他の抗がん剤治療と比較して比較的副作用が少ないとされていますが、食欲不振、吐き気、手足症候群などの症状が現れる可能性があります。TTOでは、これらの副作用によって失われる生活の質を、得られる生存期間と比較検討します。例えば、「副作用がない状態で1年生きる」のと「副作用に苦しみながら1年半生きる」のどちらが良いかを患者自身が判断し、その価値観に基づいて治療選択を支援します。S-1単剤治療によって得られる生存期間の延長が、副作用による生活の質の低下を上回ると判断される場合に、TTOの観点からはS-1単剤治療が推奨されることになります。個々の患者の状態、価値観、希望する生活スタイルを総合的に考慮し、最も適切な治療法を選択することが重要です。
","膵臓がんの二次療法としてS-1単剤療法を選択する際、考慮すべきは「人間トレードオフ」の視点です。S-1は、副作用として食欲不振、吐き気、手足症候群などが現れる可能性があります。治療効果とこれらの副作用の間で、患者さん自身の価値観に基づいた判断が求められます。例えば、延命効果が期待できる一方で、QOL（生活の質）が大きく低下する場合、患者さんはどちらを優先したいのかを慎重に検討する必要があります。副作用を最小限に抑えながら、可能な限り日常生活を維持することを重視するのか、あるいは、多少の苦痛があっても、より高い延命効果を期待するのか、個々の患者さんの状況や希望によって最適な選択は異なります。S-1単剤療法は、他の治療法と比較して、通院頻度や経済的負担が少ない場合もあり、これらの要素も意思決定に影響を与えます。医師との十分な情報共有を通じて、自身の価値観に合った治療法を選択することが重要です。
",
放射線療法（緩和目的）,Stage IA,Stage IV,"膵臓がんに対する放射線療法（緩和目的）は、がんそのものを根治させるのではなく、痛みや吐き気といった症状を和らげ、患者さんの生活の質（QOL）を向上させることを目的とします。この治療を「基準的賭け」という考え方で捉えると、現在の苦痛な状態を100%の状態Aとし、放射線療法を受けた結果、症状が軽減しQOLが向上した状態B（例：痛みが和らぎ、食事ができる）になる確率と、放射線療法の副作用（例：倦怠感、皮膚炎）によって状態が悪化する状態Cになる確率を天秤にかけることになります。もし状態Bになる確率が高ければ、現在の苦痛な状態Aよりも、放射線療法を受ける価値があると判断されます。逆に、状態Cになる確率が高ければ、現在の状態Aを維持する方が良いという判断になります。この判断は、患者さん自身の症状の程度、副作用に対する許容度、そして何よりも「QOLをどれだけ重視するか」という価値観によって大きく左右されます。医師は、状態Bと状態Cになる確率をできる限り正確に伝え、患者さんが自分自身の価値観に基づいて最適な選択をできるようサポートします。
","放射線療法（緩和目的）は、膵臓がんによる痛みや消化不良などの症状を軽減し、生活の質（QOL）を改善するために行われます。時間的得失法（TTO）の観点では、放射線療法によって症状が緩和される期間と、治療に伴う副作用や通院時間という負担を比較検討します。例えば、放射線療法によって痛みが和らぎ、活動的な時間が数ヶ月伸びると期待される一方で、治療期間中に倦怠感や食欲不振などの副作用が生じ、通院に時間を費やす必要があります。患者さんにとって、症状緩和によるQOL向上と、副作用や治療に伴う負担のどちらを重視するかによって、治療選択は異なります。TTOでは、健康な状態で生きられる期間と、症状を抱えながら生きる期間をトレードオフで評価し、患者さんがより満足できる選択肢を見つけることを目指します。放射線療法を受けることで、残された時間をより快適に過ごせる可能性が高まる一方で、治療に伴う負担も考慮する必要があるのです。
","放射線療法（緩和目的）は、膵臓がんによる症状、例えば痛みや消化不良、食欲不振などを和らげることを主な目的とします。根治を目指す治療とは異なり、患者さんのQOL（生活の質）を向上させることを重視します。ここで「人間トレードオフ」の観点から考えると、放射線療法は、副作用のリスクと症状緩和の効果の間でバランスを取る行為と言えます。放射線は、がん細胞だけでなく周囲の正常な組織にも影響を与える可能性があり、吐き気、倦怠感、皮膚炎といった副作用を引き起こすことがあります。一方で、放射線照射によってがん細胞の増殖を抑制し、痛みや圧迫感を軽減することで、患者さんはより快適な生活を送れるようになる可能性があります。医師は、患者さんの全体的な健康状態、症状の程度、希望する生活の質などを総合的に評価し、放射線療法のメリットとデメリットを慎重に比較検討します。その上で、患者さんと十分な話し合いを行い、副作用のリスクを最小限に抑えつつ、最大の緩和効果を得られるよう、照射方法や線量を調整します。つまり、放射線療法（緩和目的）は、症状緩和という利益と副作用という損失を天秤にかけ、患者さんにとって最も望ましい状態を目指す、人間トレードオフの意思決定プロセスなのです。
",
緩和ケア,Stage IA,Stage IV,"緩和ケアは、膵臓がんの治療における重要な選択肢の一つです。延命治療とは異なり、痛みや吐き気などの苦痛な症状を和らげ、患者さんのQOL（生活の質）を向上させることを目的とします。基準的賭け（Standard Gamble）の観点から考えると、緩和ケアは、症状をコントロールすることで、ある程度の確率で苦痛のない状態を維持できる、という賭けと捉えられます。これは、積極的な延命治療を行ったとしても、副作用によってQOLが著しく低下する可能性と比較検討されるべきです。例えば、延命治療で生存期間が数ヶ月延びる可能性がある一方で、強い吐き気や痛みに苦しむ確率が高い場合、緩和ケアを選択することで、より穏やかで尊厳ある時間を過ごせる確率を高めることができます。患者さんにとって、どの程度症状が緩和されるか、そしてその状態がどれくらい続くのか、という不確実性を考慮しながら、自身の価値観に基づいて、どちらの賭けを選ぶかを決定することが重要になります。緩和ケアは、必ずしも治療を諦めることを意味するのではなく、残された時間を自分らしく生きるための積極的な選択肢と言えるでしょう。
","膵臓がんの緩和ケアは、時間的得失法（TTO）の観点から、単に寿命を延ばすことだけではなく、残された時間をいかに質の高いものにするかという視点を重視します。治療による延命効果と、副作用によるQOL低下のバランスを考慮し、患者自身の価値観に基づいて意思決定を支援します。例えば、積極的な抗がん剤治療が数ヶ月の延命をもたらす一方で、強い吐き気や倦怠感を引き起こし、日常生活を著しく損なう場合、患者は「症状緩和を優先し、QOLを維持しながら過ごせる時間を重視する」という選択をするかもしれません。これは、完全な健康状態ではないものの、苦痛の少ない状態で過ごせる期間を、より長く生きるよりも価値があると感じることを意味します。緩和ケアは、痛みやその他のつらい症状をコントロールし、精神的なサポートを提供することで、患者が自分らしく、満足のいく時間を過ごせるように支援します。TTOの考え方は、患者が自身の状況を深く理解し、後悔のない選択をするために重要な役割を果たします。
","膵臓がんの緩和ケアは、単に終末期医療ではなく、診断時から治療と並行して行われる、患者のQOL（生活の質）を維持・向上させるための包括的なケアです。「人間トレードオフ Person Trade Off」の観点から見ると、緩和ケアは、延命効果とQOLのバランス、つまり「どれだけ長く生きるか」と「どれだけ良く生きるか」のトレードオフを考慮した意思決定を支援する役割を担います。積極的な抗がん治療による副作用の苦痛を軽減し、痛みのコントロール、精神的なサポート、社会的な支援などを提供することで、患者が自身の価値観や希望に沿った生活を送れるよう支援します。これは、患者が限られた時間をどのように使いたいか、どのような状態でありたいかという個別のニーズに基づき、医療資源を最適に配分し、本人にとって最も価値のある選択を尊重するアプローチと言えます。緩和ケアは、積極的治療の効果が薄れてきた場合でも、患者が苦痛なく、尊厳を保ちながら人生の最終段階を過ごせるようサポートします。
",
免疫チェックポイント阻害薬,Stage III,Stage IV,"膵臓がんに対する免疫チェックポイント阻害薬は、患者自身の免疫力を利用してがん細胞を攻撃する治療法です。従来の抗がん剤とは異なり、免疫細胞のブレーキ役となる分子（免疫チェックポイント）を阻害することで、免疫細胞ががん細胞への攻撃力を高めるように作用します。しかし、膵臓がんにおいては、単独での効果は限定的であることがわかっています。ここで「基準的賭け」の観点から考えると、免疫チェックポイント阻害薬を選択するかどうかは、治療によって生存期間が延びる可能性と、重篤な副作用（自己免疫疾患など）が発生するリスクを比較検討する、一種の賭けのようなものです。もし治療が奏功すれば、QOLを維持しながら延命できるかもしれませんが、効果がない場合は副作用だけが残る可能性があります。患者の状態（体力、既往歴など）や、他の治療法との組み合わせ、そして何よりも患者自身がどれだけリスクを許容できるかによって、この賭けに値するかどうかの判断は大きく変わってきます。延命の可能性と副作用のリスクを天秤にかけ、ご自身の価値観に沿った選択をすることが重要です。
","膵臓がん治療における免疫チェックポイント阻害薬は、時間的得失法（Time Trade Off）の観点から、治療効果と副作用、そしてそれらが患者のQOLに与える影響を考慮する必要があります。免疫チェックポイント阻害薬は、免疫細胞ががん細胞を攻撃する力を高めることで、がんの進行を遅らせ、生存期間を延長する可能性があります。しかし、自己免疫反応を引き起こす可能性があり、重篤な副作用（肺炎、肝炎、腸炎など）を発症するリスクも伴います。患者は、治療によって得られるであろう生存期間の延長と、副作用によるQOLの低下を天秤にかける必要があります。例えば、治療によって1年間生存期間が延長する可能性がある一方で、日常生活に支障をきたすほどの強い副作用が半年間続く場合、患者は1年間の生存と引き換えに半年間のQOL低下を受け入れるかどうか判断することになります。免疫チェックポイント阻害薬の選択は、患者の年齢、全身状態、がんの進行度、そして何よりも患者自身の価値観や希望に基づいて慎重に決定されるべきであり、医師との十分な話し合いが不可欠です。
","膵臓がんに対する免疫チェックポイント阻害薬は、患者自身の免疫力を利用してがん細胞を攻撃する治療法ですが、その効果は全ての人に等しく現れるわけではありません。奏効する可能性のある患者層は限られており、事前にバイオマーカー検査などで効果を予測することが重要です。もし効果が期待できない場合、免疫チェックポイント阻害薬の投与は、副作用のリスクを考慮すると、他の治療選択肢と比較して「人間トレードオフ」の観点から慎重に検討すべきです。例えば、副作用によって生活の質が著しく低下するリスクと、延命効果が見込めない可能性を天秤にかける必要があります。一方で、奏効する可能性が高いと判断された場合、免疫チェックポイント阻害薬は、従来の抗がん剤治療と比較して、長期的な生存やQOLの改善に繋がる可能性があり、「人間トレードオフ」において、患者にとって価値のある選択肢となり得ます。重要なのは、個々の患者の状態、がんの進行度、他の治療選択肢、そして患者自身の希望を総合的に考慮し、医師と患者が十分に話し合った上で、最適な治療法を選択することです。
",判定不能（治験段階または対象限定）
抗PD-L1抗体＋TGF-β阻害薬,Stage III,Stage IV,"膵臓がんに対する「抗PD-L1抗体＋TGF-β阻害薬」併用療法を検討するにあたり、治療選択を「基準的賭け」として捉えてみましょう。この治療法を受けるか否かは、ある確率で完全な健康を取り戻せる可能性と、別の確率で治療による副作用や効果なしといった状態に留まる可能性との間で賭けを行う行為と見なせます。患者さんにとって、この併用療法がもたらす延命効果やQOLの改善が、副作用のリスクや治療に伴う負担を上回るかどうかが重要な判断基準となります。仮に、現在の状態が生存期間や生活の質において10段階評価で5だとします。治療を受けることで、8まで改善する確率が60%ある一方で、副作用によって3まで悪化する確率が40%だとしましょう。このリスクとベネフィットを天秤にかけ、患者さん自身がどちらをより重視するか、つまり、どの程度の確率で健康を取り戻せるなら治療を受けたいかを慎重に評価する必要があります。
","膵臓がんに対する「抗PD-L1抗体＋TGF-β阻害薬」併用療法は、時間的得失法（TTO）の観点から、治療による生存期間の延長と、副作用によるQOL低下のバランスを考慮して評価されるべきです。TTOでは、患者がより短い期間、健康な状態で生きることを選択するか、より長い期間、副作用を抱えながら生きることを選択するかを比較検討します。この併用療法は、免疫チェックポイント阻害薬である抗PD-L1抗体と、腫瘍微小環境を改善するTGF-β阻害薬を組み合わせることで、がん細胞への攻撃力を高め、生存期間の延長を目指します。しかし、免疫関連有害事象やその他の副作用のリスクも伴います。したがって、患者の年齢、全身状態、がんの進行度、そして最も重要な価値観に基づき、得られる生存期間の延長が、副作用によるQOL低下に見合うかどうかを慎重に検討する必要があります。患者が何を重視するか、例えば、痛みの少ない生活、自立した生活、または家族との時間を最大限に確保することなどを考慮し、TTOを通じて、患者にとって最適な治療選択を支援することが重要です。
","膵臓がん治療における抗PD-L1抗体とTGF-β阻害薬の併用は、免疫チェックポイント阻害薬による抗腫瘍効果を増強する可能性が期待される一方、人間トレードオフの視点からは慎重な検討が必要です。この治療法は、患者自身の免疫細胞を活性化することでがん細胞を攻撃するため、自己免疫反応のリスクが伴います。具体的には、既存の免疫チェックポイント阻害薬に加えてTGF-β阻害薬を使用することで、過剰な免疫反応を引き起こし、炎症性疾患や臓器障害などの副作用が発生する可能性があります。効果の程度と副作用のリスクは患者ごとに異なり、治療選択にあたっては、年齢、全身状態、合併症、過去の治療歴などを考慮し、QOL（生活の質）を含めた総合的な判断が求められます。つまり、がんの進行を抑制する可能性と、自己免疫反応による健康リスクとの間で、患者本人が納得できるトレードオフを選択する必要があるということです。医師は、患者に対してこれらの情報を十分に提供し、共に最適な治療戦略を検討する必要があります。
",判定不能（治験段階または対象限定）。
腹腔神経叢ブロック,Stage IIB,Stage IV,"膵臓がんの腹痛緩和に用いられる腹腔神経叢ブロックは、痛み止めの効果が期待できる一方、合併症のリスクも伴います。基準的賭けの観点から考えると、患者さんは、確実な現状の痛みに耐え続けるか、神経ブロックによって痛みが軽減する可能性にかけるかという選択を迫られます。神経ブロックが成功すれば痛みが大幅に軽減され生活の質が向上するかもしれませんが、神経損傷や血圧低下といった合併症が発生する可能性も否定できません。基準的賭けでは、患者さんがどの程度の痛みの軽減を、どの程度の合併症のリスクと引き換えにしたいかを明確にする必要があります。例えば、「痛みは半分になるかもしれないが、1%の確率で重大な合併症が起こる可能性がある」といったシナリオを提示し、患者さんがどの程度のリスクを許容できるのかを評価します。この評価に基づいて、神経ブロックが患者さんにとって最適な選択肢であるかどうかを判断します。
","腹腔神経叢ブロックは、膵臓がんによる腹痛緩和を目的とした治療法です。時間的得失法（TTO）で考えると、この治療は、痛みの軽減によって得られる生活の質（QOL）の向上と、治療に伴うリスクや一時的な不快感、そして効果持続期間という時間的要素とのトレードオフとして捉えられます。効果が期待できる場合、患者は、一時的な痛みや合併症のリスクを受け入れることで、その後の期間における痛みの少ない生活、活動性の向上、精神的な安定といった利益を得る可能性があります。しかし、効果が限定的な場合や合併症が発生した場合、患者は時間とQOLの両方を失うことになります。したがって、TTOの観点からは、患者の状態、痛みの程度、他の治療選択肢、そして患者自身の価値観に基づいて、腹腔神経叢ブロックがもたらすQOL向上と時間的損失を総合的に評価し、患者にとって最適な選択肢であるかを慎重に判断する必要があります。治療効果の持続期間も重要な要素であり、繰り返し治療が必要となる場合、その負担も考慮に入れる必要があります。
","腹腔神経叢ブロックは、膵臓がんの痛みを緩和する治療法の一つです。この治療法を選択する際、人間トレードオフの視点から、痛みの軽減というメリットと、副作用のリスクや治療に伴う負担というデメリットを考慮する必要があります。具体的には、痛みが日常生活に著しい支障をきたしている場合、ブロックによってQOL（生活の質）を改善できる可能性があります。一方で、神経ブロックには、低血圧、下痢、麻痺などの副作用が起こりうるリスクがあります。また、効果には個人差があり、一時的なものに終わる場合や、繰り返し治療が必要となる場合もあります。治療を受けるかどうかは、痛みの程度、全身状態、予想される効果、副作用のリスクなどを総合的に判断し、患者本人の価値観や希望に基づいて決定されるべきです。医師との十分な相談を通して、これらの情報を理解し、自身の状況に最適な選択をすることが重要です。
",判定不能（治験段階または対象限定）。Stage IIBであっても、腫瘍の位置や浸潤の程度によっては強い痛みが生じ、他の治療法との兼ね合いで検討される可能性はゼロではありませんが、より典型的なのはStage III以降です。
PARP阻害薬（BRCA変異）,Stage III,Stage IV,"膵臓がんにおいてBRCA遺伝子変異を持つ患者さんに対する治療選択肢の一つにPARP阻害薬があります。この治療を検討する上で「基準的賭け」という考え方は、患者さんが治療のリスクとベネフィットをどのように捉えているかを理解するのに役立ちます。具体的には、PARP阻害薬による治療で完全にがんが治癒する可能性（例えば、副作用は伴うものの、完全に健康な状態に戻る）と、治療をせずに病状が悪化していく可能性を比較します。PARP阻害薬には副作用のリスクがあり、効果も全ての人に等しく現れるわけではありません。そこで、「完全に健康な状態に戻る確率」と「病状が悪化していく確率」を天秤にかけ、どの程度のリスクであればPARP阻害薬による治療を選択したいかを数値化します。この数値が高いほど、患者さんはPARP阻害薬による治療に積極的であると考えられます。基準的賭けは、患者さんの価値観やリスク許容度を考慮し、最適な治療選択を支援するための重要な指標となります。副作用の種類や程度、治療期間、そして最も重要な「どれだけの確率で健康な状態に戻りたいか」を総合的に判断することで、患者さんにとって最善の選択肢を見つけることができます。
","PARP阻害薬は、BRCA遺伝子に変異を持つ膵臓がん患者さんにとって、重要な治療選択肢となりえます。時間的得失法（TTO）の観点からは、生存期間の延長と生活の質のバランスを考慮する必要があります。PARP阻害薬は、プラチナ製剤による化学療法後に病勢進行が認められない場合に維持療法として用いられ、無増悪生存期間（がんが進行しない期間）を延長する可能性があります。しかし、副作用のリスクも伴い、倦怠感、吐き気、貧血などが起こり、日常生活に影響を及ぼす可能性があります。TTOでは、例えば「副作用がない状態で1年間生きる」ことと、「副作用がある状態で1.5年間生きる」ことのどちらを選ぶかといったように、健康状態と生存期間を天秤にかけることで、患者さん自身の価値観に基づいた治療選択を支援します。PARP阻害薬の使用は、副作用による生活の質の低下と、得られるかもしれない生存期間の延長を比較検討し、患者さんの希望や価値観を尊重した上で決定されるべきです。
","PARP阻害薬は、BRCA遺伝子に変異を持つ膵臓がん患者さんにとって、有望な治療選択肢となり得ますが、その効果と副作用の間には「人間トレードオフ」が存在します。PARP阻害薬は、がん細胞のDNA修復機能を阻害することで、がん細胞の増殖を抑えます。BRCA変異を持つがんは、DNA修復能力がもともと低いため、PARP阻害薬の効果が出やすいと考えられています。しかし、PARP阻害薬は、副作用として、骨髄抑制（白血球減少、血小板減少、貧血）、吐き気、疲労感などを引き起こす可能性があります。これらの副作用は、患者さんのQOL（生活の質）を低下させる可能性があります。治療を選択する際には、PARP阻害薬による延命効果や病勢コントロールと、副作用によるQOL低下のバランスを考慮する必要があります。年齢、全身状態、既往歴、患者さんの価値観などを総合的に判断し、医師と十分に話し合った上で、最適な治療法を選択することが重要です。治療開始後も、副作用のモニタリングを行い、必要に応じて支持療法や減量、休薬などを検討することで、QOLを維持しながら治療を継続することが目指されます。
",判定不能（治験段階または対象限定）
KRAS G12C阻害薬,Stage IIB,Stage IV,"KRAS G12C阻害薬は、特定の遺伝子変異を持つ膵臓がん患者さんにとって、新たな治療の選択肢となる可能性があります。この治療法の導入を検討する際、基準的賭けという考え方が役立ちます。基準的賭けとは、ある治療を受けるか否かを、完全な健康状態と死亡という二つの状態への賭けとして捉えるものです。KRAS G12C阻害薬の効果には個人差があり、完全な寛解に至る可能性もあれば、副作用により生活の質が低下する可能性もあります。基準的賭けでは、この治療を受けることで、完全な健康状態を得られる確率と、副作用による苦痛や、治療が奏功しなかった場合の生存期間の短縮というリスクを、患者さん自身が評価します。そして、その評価に基づき、治療を受けない場合と比較して、どちらがより自分にとって望ましい結果となるかを判断します。この判断は、患者さんの年齢、体力、価値観、そして何よりも治療に対する希望に大きく左右されるため、医師との十分な相談が不可欠です。
","KRAS G12C阻害薬は、KRAS遺伝子の変異であるG12Cを持つ進行膵臓がん患者さんにとって、新しい治療の選択肢となる可能性があります。従来の抗がん剤治療に比べ、KRAS G12C阻害薬は、腫瘍縮小効果や病勢コントロールにおいて優れている可能性があり、これにより無増悪生存期間の延長、すなわち病気の進行を遅らせる効果が期待できます。しかし、一方で、この薬剤特有の副作用が現れる可能性も考慮する必要があります。時間的得失法（TTO）の観点からは、治療によって得られる生存期間の延長と、副作用による生活の質の低下を比較検討することが重要です。例えば、副作用が強く、日常生活に支障をきたす期間が長引く場合、生存期間が延長されても、患者さんの満足度は必ずしも高まらないかもしれません。逆に、副作用が比較的軽く、良好なQOLを維持しながら生存期間を延長できるのであれば、患者さんの治療満足度は高まる可能性があります。そのため、KRAS G12C阻害薬の治療選択においては、患者さんの病状、年齢、全身状態、そして生活における価値観などを総合的に考慮し、得られる利益と副作用のリスクを十分に比較検討することが不可欠です。
","KRAS G12C阻害薬は、KRAS遺伝子に変異を持つ一部の膵臓がん患者さんにとって、新たな治療の選択肢となり得る薬剤です。従来の治療法が奏功しにくい場合や、副作用が強い場合に、KRAS G12C阻害薬はがんの進行を遅らせ、症状を緩和する可能性があります。しかし、KRAS G12C阻害薬にも副作用のリスクは伴います。具体的には、下痢、吐き気、肝機能障害などが報告されており、これらの症状は患者さんのQOL（生活の質）を低下させる可能性があります。そのため、KRAS G12C阻害薬の使用を検討する際には、得られる可能性のある利益（がんの進行抑制、症状緩和）と、副作用のリスク（QOL低下）を比較検討する必要があります。この「人間トレードオフ」の視点から、患者さんの年齢、全身状態、既往歴、価値観、そして治療に対する希望を総合的に考慮し、最適な治療法を選択することが重要です。KRAS G12C阻害薬が、他の治療法と比較して、患者さんにとってより良い選択肢となるのか、慎重な判断が求められます。
",判定不能（治験段階または対象限定）。Stage IIIの一部、または切除不能なStage IIBに該当する場合もありますが、臨床試験では「進行性固形がん」「切除不能なまたは転移性のがん」と表現されることが多いです。
HER2阻害薬,Stage IV,Stage IV,"HER2阻害薬は、HER2タンパク質を過剰に発現する一部の膵臓がんに対して有効な治療選択肢となりえます。しかし、その効果と副作用を考慮し、患者さんにとって最適な選択かを判断する必要があります。基準的賭け（Standard Gamble）は、このような意思決定を支援する考え方です。例えば、HER2阻害薬による治療が、現在より良好な状態になる確率をX％、現在より悪い状態（重篤な副作用など）になる確率をY％、そして現状維持となる確率をZ％と見積もります。患者さんは、X％の確率でより良い状態になることをどれだけ魅力的に感じるか、そしてY％の確率で悪い状態になることをどれだけ避けたいかを考慮し、治療を受ける価値があるかどうかを判断します。HER2阻害薬による治療は、延命効果やQOLの改善が期待できる一方で、副作用のリスクも伴います。したがって、基準的賭けの考え方を用いることで、患者さん自身の価値観に基づいて、治療を受けるかどうかを慎重に検討することが重要となります。
","HER2阻害薬は、HER2タンパク質を過剰発現している一部の膵臓がんに対して、治療選択肢となりえます。時間的得失法（TTO）の観点から考えると、HER2阻害薬の使用は、生存期間の延長と副作用による生活の質の低下というトレードオフを伴う可能性があります。もしHER2阻害薬が奏功すれば、腫瘍の縮小や進行の抑制が期待でき、結果として生存期間が延長する可能性があります。しかし、副作用として、下痢、吐き気、疲労感などが現れることがあり、これらは患者さんの日常生活に影響を与え、生活の質を低下させる可能性があります。TTOでは、例えば「副作用のない状態で1年間生きる」ことと、「副作用がある状態で1.5年間生きる」ことのどちらが良いか、といった問いを通じて、患者さん自身が治療による生存期間の延長と生活の質の低下のバランスをどのように評価するのかを明らかにします。HER2阻害薬の導入を検討する際には、HER2発現状況、全身状態、他の治療選択肢、そして患者さん自身の価値観を総合的に考慮し、TTOの考え方を参考にしながら、最適な治療方針を決定することが重要です。
","HER2阻害薬は、膵臓がんの中でもHER2タンパクが過剰に発現している患者さんに対して有効な治療選択肢となり得ます。HER2阻害薬の使用は、がん細胞の増殖を抑えることで生存期間の延長やQOLの改善に繋がる可能性がありますが、一方で、副作用のリスクも伴います。例えば、心機能障害や下痢、皮膚症状などが報告されています。人間トレードオフの観点からは、HER2阻害薬による治療は、これらの副作用のリスクを許容できる範囲で、どれだけの生存期間の延長やQOLの改善が見込めるかを考慮する必要があります。つまり、患者さんが、副作用によって生活の質が低下するとしても、生存期間が延びることを優先するか、あるいは、副作用を最小限に抑え、生活の質を維持することを優先するかという価値観の選択が重要になります。治療の決定は、医師との十分な相談のもと、患者さん自身の価値観や希望を考慮して行うべきです。
",判定不能（治験段階または対象限定）
VEGF阻害薬,Stage IV,Stage IV,"VEGF阻害薬は、膵臓がんの治療において血管新生を抑制し、腫瘍の成長を遅らせることを目的とした薬剤です。治療選択を検討する際、「基準的賭け」の考え方を適用することで、患者さん自身の価値観に基づいて意思決定を支援できます。例えば、VEGF阻害薬を使用することで、生存期間がわずかに延長する可能性がありますが、同時に副作用のリスクも伴います。基準的賭けでは、副作用がない完全な健康状態を100点、死亡を0点とします。VEGF阻害薬を使用しない場合の生存期間とQOL、使用した場合の生存期間とQOLをそれぞれ評価し、副作用のリスクを考慮して、患者さんがどの程度のリスクを冒してでも生存期間の延長を望むかを数値化します。もし、副作用によるQOL低下が大きく、健康な状態との差が小さいと判断される場合、VEGF阻害薬の使用を避けるという選択もありえます。逆に、多少の副作用があっても、わずかな生存期間延長を強く望む場合は、VEGF阻害薬の使用が適切かもしれません。基準的賭けは、これらの要素を総合的に判断し、患者さんにとって最適な治療法を選択するための補助ツールとなります。
","VEGF阻害薬は、膵臓がんの血管新生を抑制することで腫瘍の成長を遅らせる治療法です。時間的得失法(TTO)で考えると、VEGF阻害薬の投与は、延命効果と引き換えに、副作用による生活の質の低下をもたらす可能性があります。副作用として、高血圧、蛋白尿、創傷治癒遅延などが報告されており、これらの症状が日常生活に支障をきたす場合、患者は延命期間と副作用による苦痛の間でトレードオフを迫られます。例えば、VEGF阻害薬により3ヶ月延命できるとしても、その期間中、強い倦怠感や食欲不振に苦しむのであれば、QOLを重視する患者は、延命よりも苦痛の少ない治療法を選択するかもしれません。一方、多少の副作用は我慢できるので、少しでも長く生きたいと願う患者にとっては、VEGF阻害薬は有効な選択肢となりえます。したがって、VEGF阻害薬の導入を検討する際には、患者の価値観や希望を丁寧に聞き取り、延命効果と副作用のリスクを総合的に評価し、個々の患者にとって最適な治療法を選択する必要があります。
","VEGF阻害薬は膵臓がんの血管新生を抑制し、腫瘍の成長や転移を遅らせる治療法ですが、人間トレードオフの観点からは、延命効果と副作用リスクのバランスが重要となります。VEGF阻害薬は、浮腫、高血圧、蛋白尿、出血傾向、消化管穿孔など、生活の質を低下させる可能性のある副作用を伴います。効果の程度は患者によって異なり、副作用のリスクも個々の健康状態によって変化します。治療選択においては、VEGF阻害薬による延命効果が、副作用による苦痛や生活の質の低下を上回るかどうかを慎重に評価する必要があります。患者本人の価値観や希望、疾患の進行度、体力などを総合的に考慮し、医師との十分な対話を通じて、最適な治療方針を決定することが重要です。例えば、副作用のリスクを最小限に抑えながら、可能な限り延命効果を得たいと考える患者もいれば、副作用のリスクを冒してでも、より積極的な延命治療を希望する患者もいます。
",判定不能（治験段階または対象限定）
HIPEC（腹腔内温熱化学療法）,Stage IV,Stage IV,"HIPEC（腹腔内温熱化学療法）は、膵臓がんが腹膜播種を起こした場合に検討される治療法です。手術で可能な限り腫瘍を切除した後、温めた抗がん剤を腹腔内に直接投与し、がん細胞を死滅させることを目指します。この治療法を選択するかどうかを「基準的賭け Standard Gamble」の観点から考えると、患者さんは、HIPECを受けることで、一定の確率で延命や症状の緩和といった利益を得られる可能性がある一方で、副作用のリスクや、手術自体の侵襲によるQOLの低下といったデメリットも考慮する必要があります。例えば、HIPECを受けることで5年間生存できる確率がX%に向上する可能性があると医師から説明を受けたとしても、そのX%を実現するために、手術後の合併症のリスクや、治療に伴う苦痛を伴う可能性があります。患者さんは、これらの確率と、自身の価値観（例えば、QOLを重視するのか、延命を最優先にするのか）を比較検討し、HIPECを受けるという賭けに出るか、それとも他の治療法を選択するか、あるいは緩和ケアを選択するかを判断することになります。重要なのは、確率だけでなく、その結果に対する個人の価値観が意思決定に大きく影響するということです。
","HIPECは、手術で切除可能な膵臓がんに対し、腹腔内に抗がん剤を投与し温める治療法です。時間的得失法（TTO）の観点では、患者は「治療期間」と「その後の生存期間・QOL（生活の質）」のトレードオフを考慮します。HIPECは、手術自体に加え、術後の合併症リスクや入院期間の延長など、一時的なQOL低下を伴う可能性があります。一方、HIPECの実施により、再発リスクを抑制し、生存期間の延長や、再発後の治療を回避することで、長期的なQOL向上に繋がる可能性があります。TTOでは、患者が、HIPECによる一時的な負担を受け入れ、その後のより良い状態を期待するか、あるいは、HIPECを回避し、合併症リスクや入院期間を短縮する代わりに、再発リスクを受け入れるかという選択肢を比較検討します。患者の年齢、体力、価値観、そして、医師からの具体的な情報提供に基づいて、最適な治療法を決定する必要があります。
","HIPECは、手術で可能な限りがんを取り除いた後、加熱した抗がん剤を腹腔内に直接循環させる治療法です。効果の期待がある一方で、体への負担も大きく、副作用のリスクも伴います。人間トレードオフの観点からは、HIPECによって生存期間の延長や生活の質の改善が期待できる反面、入院期間の長期化、消化器症状や感染症などの苦痛を伴う可能性を考慮する必要があります。治療選択においては、これらの利益と不利益を比較検討し、患者さんの年齢、全身状態、がんの進行度、そして何よりも患者さん自身の価値観や希望に基づいて、最適な治療方針を決定することが重要です。例えば、少しでも長く生きたいと願う方には、リスクを承知の上でHIPECが選択肢となる一方、生活の質を最優先に考える方には、緩和ケアを中心とした治療が適しているかもしれません。
",判定不能（治験段階または対象限定）
遺伝子パネル検査,Stage IIB,Stage IV,"膵臓がん治療における遺伝子パネル検査は、患者個人の遺伝子変異に基づいた治療法選択を可能にする可能性を秘めています。しかし、Standard Gamble（基準的賭け）の視点からは、その価値を慎重に評価する必要があります。例えば、検査によって特定の遺伝子変異が見つかり、それに対応する分子標的薬や免疫チェックポイント阻害薬が利用可能になる場合、患者は「確実な現状維持（標準治療）」と「遺伝子検査に基づく治療（成功すればQOL向上、効果がなければ悪化）」という選択肢に直面します。Standard Gambleでは、患者がどの程度のリスクを許容できるか、つまり、治療成功時のQOL向上をどれだけ重視するか、効果がない場合の状態悪化をどれだけ避けたいかを考慮します。遺伝子パネル検査の結果は、この賭けのオッズを変化させる情報となりますが、最終的な治療選択は、患者自身の価値観に基づいて行われるべきです。検査によって得られる情報の価値と、検査自体がもたらす精神的負担や経済的負担も、Standard Gambleの意思決定において考慮すべき要素となります。
","膵臓がんの治療選択において、遺伝子パネル検査は時間的得失法（Time Trade Off）の観点から重要な判断材料となります。この検査は、がん細胞の遺伝子変異を詳細に解析し、特定の分子標的薬や免疫チェックポイント阻害薬といった治療薬の効果予測に役立ちます。もし有効な治療薬が見つかれば、延命効果やQOL（生活の質）の改善が期待できますが、検査結果が出るまでに数週間を要し、その間は標準治療（化学療法など）の開始が遅れる可能性があります。標準治療をすぐに開始した場合、早期に効果が得られる可能性がありますが、遺伝子変異に合致しない場合は副作用に苦しむだけで、時間と体力を消耗してしまうかもしれません。遺伝子パネル検査の結果を待つことで、より個別化された治療戦略を立てられる可能性が高まりますが、その分、標準治療の開始が遅れるリスクも考慮する必要があります。患者さんの病状の進行速度や体力、そして治療に対する希望を総合的に考慮し、検査のメリットとデメリットを天秤にかけることが、時間的得失法の観点から重要な意思決定となります。
","膵臓がんの遺伝子パネル検査は、患者個々の遺伝子変異を詳細に解析し、それに基づいて最適な治療法を選択する可能性を広げるものです。従来の治療法では効果が期待できない患者さんにとって、遺伝子レベルで効果的な薬剤を見つけ出す道が開かれるかもしれません。しかし、この検査には費用や時間、そして結果判明までの精神的な負担が伴います。また、検査で特定の遺伝子変異が見つかったとしても、必ずしも有効な治療薬が存在するとは限りません。人間トレードオフの観点から考えると、検査を受けることで得られる情報が、患者さんのQOL（生活の質）や生存期間にどれだけ寄与するのか、経済的な負担や精神的なストレスと天秤にかける必要があります。検査結果によっては、期待していた治療法が見つからず、失望感や無力感を抱く可能性もあります。したがって、遺伝子パネル検査を受けるかどうかは、患者さん自身の病状、希望、価値観、経済状況などを総合的に考慮し、医師と十分に話し合った上で慎重に決定することが重要です。遺伝子検査の結果が、必ずしも希望通りの治療につながるとは限らないことを理解した上で、検査を受けることが、後悔のない選択につながるでしょう。
",判定不能（治験段階または対象限定）
術前Gem+nab-PTX,Stage IIB,Stage III,"術前Gem+nab-PTX療法は、膵臓がん手術の前にジェムシタビンとnab-パクリタキセルという2種類の抗がん剤を投与する治療法です。基準的賭け（Standard Gamble）の観点から考えると、患者さんは「現在の状態（手術適応はあるが、根治の可能性は低い）」と、「治療後の状態（手術の成功率が上がり根治の可能性も高まるかもしれないが、副作用のリスクがある）」という、2つの選択肢の間で賭けをすることになります。治療を受けることで、手術後の生存率が向上する可能性がありますが、その一方で、副作用によって生活の質が低下する可能性もあります。患者さんは、治療によって得られるであろう生存期間の延長と、副作用による苦痛の程度を比較検討し、どちらのリスクをより許容できるかを判断する必要があります。この判断は、個々の患者さんの年齢、体力、価値観、そして何よりも、治療に対する希望によって大きく左右されます。治療の選択は、まさに人生を賭けた決断と言えるでしょう。
","術前Gem+nab-PTX療法は、膵臓がん手術前にゲムシタビンとnab-パクリタキセルを投与する治療法です。時間的得失法（TTO）の観点からは、延命効果と副作用のバランスを考慮します。手術を成功させ、生存期間を延ばす可能性が高まる一方で、治療期間中は副作用によるQOLの低下が懸念されます。例えば、化学療法による倦怠感や吐き気、末梢神経障害などが生じ、日常生活に支障をきたす可能性があります。TTOでは、これらの副作用によるQOL低下期間を、得られる延命期間と天秤にかけ、患者さんがどの程度であれば受け入れられるかを評価します。副作用が強い場合、短期間でもQOLの高い生活を送りたいと考えるかもしれませんし、多少のQOL低下があっても長期生存を望むかもしれません。患者さんの価値観や希望を丁寧に聞き取り、治療の選択を支援することが重要です。
","術前Gem+nab-PTX療法は、膵臓がん手術前にジェムシタビンとnab-パクリタキセルという抗がん剤を組み合わせた治療法です。この治療法を選択する際、考慮すべき「人間トレードオフ」は、延命効果と生活の質（QOL）のバランスです。術前治療により腫瘍を縮小させ、手術成功率を高める可能性が期待できますが、副作用として、倦怠感、吐き気、末梢神経障害などが現れることがあります。これらの副作用は、患者さんの日常生活に支障をきたし、QOLを低下させる可能性があります。したがって、治療効果への期待と副作用による負担を天秤にかけ、患者さんの価値観や希望に沿った意思決定が重要となります。例えば、副作用を最小限に抑えつつ、手術可能な状態を目指したいのか、あるいは、副作用のリスクを冒しても、より積極的な腫瘍縮小を目指したいのか、といった個別の状況を考慮する必要があります。医師との十分な情報共有と話し合いを通じて、最適な治療方針を選択していくことが求められます。
",
術後S-1補助化学療法,Stage IA,Stage IIB,"術後S-1補助化学療法は、膵臓がん手術後の再発リスクを下げるために行われる治療法です。この治療を受けるかどうかを「基準的賭け」の考え方で検討する場合、まず、確実に再発しない状態（理想的な健康状態）と、確実に再発して治療困難な状態（最悪な健康状態）を想定します。次に、術後S-1補助化学療法を受けることで、再発しない状態になる確率と、治療による副作用（例えば、食欲不振、吐き気、白血球減少など）で生活の質が低下する確率を天秤にかけます。もし、治療を受けない場合、再発する確率が高くなる一方で、副作用に苦しむことはありません。基準的賭けでは、この確率と生活の質の変化を考慮し、患者さんが「どちらの状態をより避けたいか」を明確にします。つまり、副作用のリスクを冒してでも再発を避けたいのか、あるいは、再発のリスクを受け入れても副作用のない生活を送りたいのか、患者さん自身の価値観に基づいて判断することが重要になります。この判断は、患者さんの年齢、体力、社会的状況、そして、再発に対する不安の程度によって大きく左右されます。
","術後S-1補助化学療法は、膵臓がん手術後の再発リスクを下げるために行われる治療法です。時間的得失法（TTO）の観点からは、生存期間の延長という利益と、治療に伴う副作用という損失を天秤にかけることになります。S-1は、飲み薬であるため通院負担は比較的少ないものの、食欲不振、吐き気、口内炎、手足症候群などの副作用が生じる可能性があります。TTOでは、副作用のない健康な状態での短い生存期間と、副作用のある状態での長い生存期間のどちらを選ぶかを患者自身が評価します。例えば、「副作用のない状態で1年生きる」のと「S-1による副作用がある状態で1年半生きる」のどちらが良いかを判断することで、治療の価値を数値化し、患者の価値観に沿った意思決定を支援します。S-1治療によって得られる生存期間の延長が、副作用による生活の質の低下を上回ると判断されれば、TTOの観点からは治療を受ける価値が高いと言えます。
","術後S-1補助化学療法は、膵臓がん手術後の再発リスクを低減するための治療法です。人間トレードオフの観点からは、延命効果と副作用という二つの側面を考慮する必要があります。S-1はフッ化ピリミジン系の抗がん剤であり、一定の再発抑制効果が期待できますが、同時に食欲不振、吐き気、下痢、手足症候群といった副作用を引き起こす可能性があります。これらの副作用は患者さんのQOL（生活の質）を低下させる可能性があります。治療の選択にあたっては、再発リスクが高いほど延命効果への期待が大きくなる一方、副作用によって日常生活への支障が大きくなることを考慮する必要があります。患者さんの年齢、体力、合併症の有無、そして何よりも患者さん自身の価値観や希望が、治療選択の重要な要素となります。例えば、多少の副作用があっても長く生きたいと考える方もいれば、QOLを重視し、副作用を最小限に抑えたいと考える方もいます。医師は、それぞれの患者さんの状況を詳細に評価し、エビデンスに基づいた情報を提供するとともに、患者さんの希望を尊重した上で、最適な治療方針を決定する必要があります。
",